name,deliveryFee_deliveroo,city,deliveryFee_takeaway,fee_difference
Sushi Mart,4.99,Woluw√©-Saint-Lambert,5.59,-0.5999999999999996
Bia Mara,4.99,Antwerpen,5.59,-0.5999999999999996
Otomat MAS,4.99,Antwerpen,5.59,-0.5999999999999996
Mikuriya,4.99,Woluw√©-Saint-Lambert,5.59,-0.5999999999999996
La Nuova Piazza,4.99,Bruxelles,5.59,-0.5999999999999996
Chez Marie,4.99,Antwerpen,5.59,-0.5999999999999996
Lucy Chang Gent,4.99,Gent,4.84,0.15000000000000036
Balls & Glory Ghent,4.99,Gent,4.84,0.15000000000000036
Tenshi,4.99,Woluwe-Saint-Pierre,2.0,2.99
Basic Italian,4.99,Gent,5.59,-0.5999999999999996
Bavet Verloren Kost,4.99,Gent,4.84,0.15000000000000036
Orso Pizzeria,4.99,Antwerpen,5.59,-0.5999999999999996
Destiny Asian Food,4.99,Gent,5.59,-0.5999999999999996
Kim's Kitchen,4.99,Gent,4.84,0.15000000000000036
Tota Empanadas,4.99,Antwerpen,5.59,-0.5999999999999996
Tota Empanadas,4.99,Antwerpen,5.59,-0.5999999999999996
Umi Sushi,4.99,Antwerpen,0.0,4.99
Yu-Thai,4.99,Antwerpen,5.59,-0.5999999999999996
Ichi Bites,4.99,Gent,4.84,0.15000000000000036
Yadan,4.99,Antwerpen,5.59,-0.5999999999999996
Toshi Sushi,4.99,Antwerpen,0.0,4.99
Ellis,4.99,Antwerpen,5.59,-0.5999999999999996
Ikura Sushi,4.99,Gent,0.0,4.99
BAGL,4.99,Bruxelles,0.0,4.99
Tenshi,4.99,Bruxelles,0.0,4.99
Bavet,4.99,Antwerpen,4.84,0.15000000000000036
Balls & Glory,4.99,Leuven,2.99,2.0
De Appel,4.99,Leuven,2.99,2.0
Annapurna,4.99,Leuven,3.49,1.5
8tea5,4.99,Antwerpen,4.84,0.15000000000000036
Indian Royal Food,4.99,Leuven,3.0,1.9900000000000002
Basic Italian,4.99,Mechelen,3.49,1.5
Calzone Clemente,4.99,Gent,4.84,0.15000000000000036
Le Pain Quotidien - Brugge,4.99,Bruges,3.49,1.5
Pizza Hut,4.99,Mechelen,1.99,3.0
Sushi Shop,4.99,Waterloo,0.0,4.99
Sushi Palace Wilrijk,4.99,Wilrijk,2.0,2.99
Le 2e √âl√©ment,4.99,Woluwe-Saint-Pierre,0.0,4.99
Ah Quy,4.99,Leuven,2.99,2.0
The Noodlebar,4.99,Gent,4.84,0.15000000000000036
The Noodlebar,4.99,Gand,4.84,0.15000000000000036
The Noodlebar,4.99,Kortrijk,3.5,1.4900000000000002
Nour Al Cham Zain Damas,4.99,Jette,5.59,-0.5999999999999996
Sushi Mama,4.99,Leuven,2.99,2.0
Unique Asia Restaurant,4.99,Gent,0.0,4.99
Little Beirut,4.99,Antwerpen,5.59,-0.5999999999999996
Chez Hakan,4.99,Ganshoren,5.59,-0.5999999999999996
Pastabar the Bake Off,4.99,Leuven,3.49,1.5
Bella Italia,4.99,Brugge,4.49,0.5
Thai Oriental Palace,4.99,Antwerpen,0.0,4.99
Taj Mahal Antwerp,4.99,Antwerpen,0.0,4.99
Nihao Leuven,4.99,Leuven,0.0,4.99
Napoli Da Leonardo,4.99,Schaerbeek,2.99,2.0
Masala Express,4.99,Courtrai,2.0,2.99
Shilies,4.99,Gent,2.0,2.99
Nimmanhaemin,4.99,Antwerpen,4.84,0.15000000000000036
Otomat,4.99,Leuven,2.99,2.0
Pizzeria Al Dente,4.99,Evere,5.0,-0.009999999999999787
De Appelier,4.99,Gent,4.84,0.15000000000000036
WASBAR Melkmarkt,4.99,Antwerpen,5.59,-0.5999999999999996
Pizzeria l'Ami,4.99,Uccle,0.0,4.99
Fitchen Vlaanderenstraat,4.99,Gent,3.49,1.5
Nakhon Thai,4.99,Brugge,4.49,0.5
La Sushiria,4.99,Jette,2.0,2.99
Amine Delices,4.99,Ganshoren,3.84,1.1500000000000004
WASBAR Graanmarkt,4.99,Antwerpen,4.84,0.15000000000000036
Sushi Hungry Eye,4.99,Leuven,0.0,4.99
Pizzeria Milano - Brussels,4.99,,0.0,4.99
Couleur Safran,4.99,Uccle,0.0,4.99
Sushi Today,4.99,Antwerpen,0.0,4.99
Fitchen Korenmarkt,4.99,Gent,4.84,0.15000000000000036
Punjab Tandoori Restaurant,4.99,Gent,0.0,4.99
t Stad Kebab,4.99,Antwerpen,5.59,-0.5999999999999996
Muradim,4.99,Antwerpen,4.84,0.15000000000000036
Tex mex Belgium,4.99,Forest,3.5,1.4900000000000002
Neapolis,4.99,Gent,4.84,0.15000000000000036
L'Estaminet,4.99,Brugge,4.49,0.5
Kababu,4.99,Antwerpen,5.59,-0.5999999999999996
Ada Eethuis,4.99,Leuven,0.0,4.99
McDonald's Teniersplaats,4.99,Antwerpen,3.49,1.5
Domus,4.99,Leuven,2.99,2.0
Topkapi Restaurant,4.99,Antwerpen,5.59,-0.5999999999999996
Taverne Marina,4.99,Sint-Pieters-Leeuw,2.0,2.99
Mister Spaghetti Antwerpen,4.99,Antwerpen,5.59,-0.5999999999999996
Frituur de Witte,4.99,Antwerpen,5.59,-0.5999999999999996
Miro's snack brussels,4.99,Evere,5.59,-0.5999999999999996
El Warda,4.99,Antwerpen,4.84,0.15000000000000036
Croque'n Roll,4.99,Mechelen,3.49,1.5
Karasu | Antwerpen,4.99,Antwerpen,4.84,0.15000000000000036
Istanbul leuven,4.99,Leuven,0.0,4.99
Nawaab Tandoori,4.99,Antwerpen,0.0,4.99
Vers-Zuid,4.99,Antwerpen,5.59,-0.5999999999999996
Chocolalino,4.99,Brugge,4.49,0.5
Kap Saloon,4.99,Ganshoren,5.59,-0.5999999999999996
Bia Mara Leuven,4.99,Leuven,2.99,2.0
Frituur 9000,4.99,Gent,4.84,0.15000000000000036
Ada Pizza,4.99,Leuven,0.0,4.99
Ichi Bao,4.99,Gent,4.84,0.15000000000000036
Ali Baba BBQ Marokkaanse Specialiteiten,4.99,Gent,4.84,0.15000000000000036
FRITUUR OVERPOORT,4.99,Gent,4.84,0.15000000000000036
JanYa Thai Wok,4.99,Antwerpen,5.59,-0.5999999999999996
Ristorante L'incontro Ghent,4.99,Gent,4.84,0.15000000000000036
Pizza Venise,4.99,Schaerbeek,7.0,-2.01
Poka√Ø ‚Äì Your tasty POKE BOWL ü•ó	,4.99,Waterloo,0.0,4.99
Chee Kofte & Wraps,4.99,Leuven,3.49,1.5
Frituur artevelde,4.99,Gent,5.59,-0.5999999999999996
Orient Kitchen,4.99,Antwerpen,0.0,4.99
Aloha Pok√© bowl ,4.99,Antwerpen,4.84,0.15000000000000036
grillmixcentrum,4.99,Gent,5.59,-0.5999999999999996
De Nijl | Leuven,4.99,Leuven,0.0,4.99
Vera Italia,4.99,Uccle,3.0,1.9900000000000002
Burger King Antwerp,4.99,Antwerpen,4.84,0.15000000000000036
TANDOORI-PASTA,4.99,Antwerpen,4.84,0.15000000000000036
TANDOORI-PASTA,4.99,Antwerpen,4.84,0.15000000000000036
Chamas Tacos,4.99,Antwerpen,5.59,-0.5999999999999996
Epicuro,4.99,Bruxelles,0.0,4.99
Emmy's eats and sweets,4.99,Gent,4.84,0.15000000000000036
Steakhouse pizzaria Amsterdam,4.99,Antwerpen,0.0,4.99
Frituur Heuvelpoort,4.99,Gent,4.84,0.15000000000000036
Rainbow Sushi,4.99,Wilrijk,0.0,4.99
Beiruti,4.99,Gent,4.84,0.15000000000000036
Burger King Brugge,4.99,Brugge,4.49,0.5
Bavet,4.99,Brugge,3.49,1.5
Forno A'Legna,4.99,Borgerhout,4.84,0.15000000000000036
Adana Kebab BBQ,4.99,Mechelen,0.0,4.99
Only Kebab,4.99,Antwerpen,4.84,0.15000000000000036
Evita‚Äôs eethuis,4.99,Antwerpen,5.59,-0.5999999999999996
Bite Leuven,4.99,Leuven,2.99,2.0
La Frite de Forest,4.99,Forest,2.99,2.0
Sos Lunch,4.99,Jette,0.0,4.99
Libanezza,4.99,Antwerpen,2.1,2.89
Lasagne Shop,4.99,Antwerpen,0.0,4.99
Bambu Street Food,4.99,Malines,3.49,1.5
Bambu Street Food,4.99,Mechelen,3.49,1.5
Bambu Street Food,4.99,Mechelen,3.49,1.5
Bambu Street Food,4.99,Mechelen,3.49,1.5
Bambu Street Food,4.99,Mechelen,3.49,1.5
De Brugsche tafel,4.99,Brugge,0.0,4.99
Okipana Pok√© Bowl,4.99,Jette,2.0,2.99
Da Mario Take Away,4.99,Schaerbeek,2.99,2.0
Chick 'n Dip,4.99,Leuven,3.49,1.5
Holy Guacamoly Zuid,4.99,Gent,3.49,1.5
Frites Atelier,4.99,Antwerpen,4.84,0.15000000000000036
Oats Day Long,4.99,Gent,5.59,-0.5999999999999996
Pili Piri,4.99,Leuven,2.99,2.0
Pearl of Hong Kong,4.99,Berchem,0.0,4.99
Hau Wang,4.99,Molenbeek-Saint-Jean,0.0,4.99
Belchicken,4.99,Leuven,2.99,2.0
Risotto Express,4.99,Brugge,3.49,1.5
Bianca Farina,4.99,Antwerpen,5.59,-0.5999999999999996
Verona | Antwerp,4.99,Antwerpen,5.59,-0.5999999999999996
Balls & Glory Mechelen,4.99,Mechelen,3.49,1.5
Wasbar Leuven,4.99,Leuven,2.99,2.0
O'Tacos,4.99,Gand,5.59,-0.5999999999999996
O'Tacos,4.99,Leuven,2.99,2.0
Indian Masala,4.99,Gent,0.0,4.99
O'Tacos,4.99,Bruxelles,0.0,4.99
Senor Taco Antwerp,4.99,Antwerpen,0.0,4.99
The Cheese Wheel Pasta,4.99,Antwerpen,5.59,-0.5999999999999996
Wabi Sabi sushi & oriental food restaurant,4.99,Leuven,2.99,2.0
Brasserie Agrea,4.99,Gent,5.59,-0.5999999999999996
Australian Home Made Ice Cream Keyserlei,4.99,Antwerpen,3.49,1.5
Damasveneto,4.99,Antwerpen,3.49,1.5
Papa Paolo's Pizza,4.99,Kortrijk,0.0,4.99
Frituur ‚Äòt koxke,4.99,Antwerpen,4.84,0.15000000000000036
LiQ Gent,4.99,Gent,5.59,-0.5999999999999996
LiQ Leuven,4.99,Leuven,2.0,2.99
The Avocado Bar Mechelen,4.99,Malines,3.49,1.5
The Avocado Bar Mechelen,4.99,Mechelen,3.49,1.5
The Avocado Bar Mechelen,4.99,Mechelen,3.49,1.5
The Avocado Bar Mechelen,4.99,Mechelen,3.49,1.5
The Avocado Bar Mechelen,4.99,Mechelen,3.49,1.5
T'more Enjoy,4.99,Leuven,2.99,2.0
Cups 'n Crepes,4.99,Antwerpen,5.59,-0.5999999999999996
Cups 'n Crepes,4.99,Antwerpen,5.59,-0.5999999999999996
RUBA healthy & fresh food,4.99,Leuven,2.99,2.0
Damasco Leuven,4.99,Leuven,2.99,2.0
Damasco Leuven,4.99,Leuven,2.99,2.0
Nepal Delight,4.99,Gent,0.0,4.99
Snack Dylan,4.99,Evere,0.0,4.99
Le Pain Quotidien Antwerpen - catering,4.99,Antwerpen,3.49,1.5
FRESHNESS,4.99,Leuven,2.99,2.0
FRESHNESS,4.99,Leuven,2.99,2.0
EEtaliaan Leuven,4.99,Leuven,2.99,2.0
EEtaliaan Leuven,4.99,Leuven,2.99,2.0
F'ons Frietje,4.99,Leuven,2.99,2.0
F'ons Frietje,4.99,Leuven,2.99,2.0
Amigos Leuven,4.99,Leuven,2.99,2.0
Amigos Leuven,4.99,Leuven,2.99,2.0
Frituur Station,4.99,Kessel-Lo,2.5,2.49
B-Cook,4.99,Ukkel,5.59,-0.5999999999999996
Opera Helmet,4.99,Bruxelles,5.59,-0.5999999999999996
Bocca,4.99,Gent,4.84,0.15000000000000036
Friethuis Dinner Time,4.99,Deurne,4.84,0.15000000000000036
Loco Pizza 2,4.99,Leuven,0.0,4.99
L'Etoile d'Or Leuven,4.99,Leuven,3.49,1.5
Restaurant Little Asia (Thai & Vietnam Kitchen),4.99,Gent,4.84,0.15000000000000036
Pizza Pasta Locale,0.01,Antwerpen,0.0,0.01
Frituur Belgium,4.99,Leuven,2.99,2.0
Pita Amon,4.99,Antwerpen,4.84,0.15000000000000036
Pizzaria Mr. Sebino,4.99,Brugge,0.0,4.99
BohoBowl,4.99,Antwerpen,1.5,3.49
CASPER Gent,4.99,Gent,4.84,0.15000000000000036
CASPER Gent,4.99,Gent,4.84,0.15000000000000036
Hacked by De Vegetarische Slager,4.99,Gent,4.84,0.15000000000000036
Hacked by De Vegetarische Slager,4.99,Gent,4.84,0.15000000000000036
GLORIA's BAKED PASTA,4.99,Gent,4.84,0.15000000000000036
GLORIA's BAKED PASTA,4.99,Gent,4.84,0.15000000000000036
PURE.,4.99,Gent,4.84,0.15000000000000036
PURE.,4.99,Gent,4.84,0.15000000000000036
BERTHA,4.99,Gent,4.84,0.15000000000000036
BERTHA,4.99,Gent,4.84,0.15000000000000036
THE SWEET LAB.,4.99,Gent,4.84,0.15000000000000036
THE SWEET LAB.,4.99,Gent,4.84,0.15000000000000036
Foodmaker Berchem,4.99,Berchem,5.59,-0.5999999999999996
Himschoot ,4.99,Gent,4.84,0.15000000000000036
Pam Pam Schaerbeek,4.99,Bruxelles,5.59,-0.5999999999999996
Kalura,4.99,Antwerpen,4.84,0.15000000000000036
Wok Yu,4.99,Gent,3.5,1.4900000000000002
Belchicken - Mechelen,4.99,Mechelen,3.49,1.5
Laila Tandoori GNT,4.99,Gent,5.59,-0.5999999999999996
Mundo Latino,4.99,Bruxelles,2.99,2.0
Royale Pizza Express,4.99,Molenbeek-Saint-Jean,2.99,2.0
Ankara,4.99,Gent,4.84,0.15000000000000036
La Loggia MEC,4.99,Mechelen,3.99,1.0
Taste of india GNT,4.99,Gent,5.59,-0.5999999999999996
O'tagine Antwerp,4.99,Antwerpen,5.59,-0.5999999999999996
Kalypta,4.99,Leuven,0.0,4.99
Nonna stella Gent,4.99,Gent,4.84,0.15000000000000036
Takumi Ramen Kitchen,4.99,Antwerpen,3.49,1.5
I love Pizza BJE,4.99,Ganshoren,0.0,4.99
Sandwichbar Mina,4.99,Gent,5.59,-0.5999999999999996
Asianking Ghent,4.99,Gent,5.59,-0.5999999999999996
Freshmade Berchem,4.99,Berchem,5.59,-0.5999999999999996
Nuoc Mam,4.99,Antwerpen,5.59,-0.5999999999999996
Snack Deniz GENT,4.99,Gent,4.84,0.15000000000000036
Panos Gent-Zuid,4.99,Gent,4.84,0.15000000000000036
CASPER Antwerp,4.99,Antwerpen,5.59,-0.5999999999999996
Hacked by De Vegetarische Slager,4.99,Antwerpen,5.59,-0.5999999999999996
GLORIA's BAKED PASTA,4.99,Antwerpen,5.59,-0.5999999999999996
PURE.,4.99,Antwerpen,5.59,-0.5999999999999996
BERTHA,4.99,Antwerpen,5.59,-0.5999999999999996
THE SWEET LAB.,4.99,Antwerpen,5.59,-0.5999999999999996
Romain's Lunch Bar,4.99,Antwerpen,5.59,-0.5999999999999996
Croquettenbar Smaeck,4.99,Antwerpen,5.59,-0.5999999999999996
Sancho's Snacks & More,4.99,Brugge,4.49,0.5
La Cantina del coronel,4.99,Leuven,2.99,2.0
Sangeetha Vegetarian Restaurant Antwerp,4.99,Antwerpen,5.59,-0.5999999999999996
Nobu Sushi,4.99,Leuven,4.84,0.15000000000000036
Dunkin,4.99,Antwerpen,3.49,1.5
Paul,4.99,Schaerbeek,0.0,4.99
Paul,4.99,Bruxelles,3.84,1.1500000000000004
Paul,4.99,Bruxelles,3.84,1.1500000000000004
Paul,4.99,Bruxelles,3.84,1.1500000000000004
Frituur Hazegras,4.99,Oostende,6.0,-1.0099999999999998
Frituur Arr√© Patat,4.99,Antwerpen,5.59,-0.5999999999999996
Ronin,4.99,Oostende,3.5,1.4900000000000002
Jagat's Place,4.99,Leuven,2.99,2.0
Alma Libre - Vleeshalle,4.99,Malines,3.49,1.5
Alma Libre - Vleeshalle,4.99,Mechelen,3.49,1.5
Alma Libre - Vleeshalle,4.99,Mechelen,3.49,1.5
Alma Libre - Vleeshalle,4.99,Mechelen,3.49,1.5
Alma Libre - Vleeshalle,4.99,Mechelen,3.49,1.5
Mythos - Vleeshalle,4.99,Malines,3.49,1.5
Mythos - Vleeshalle,4.99,Mechelen,3.49,1.5
Mythos - Vleeshalle,4.99,Mechelen,3.49,1.5
Mythos - Vleeshalle,4.99,Mechelen,3.49,1.5
Mythos - Vleeshalle,4.99,Mechelen,3.49,1.5
Ball Street NYC ,4.99,Malines,3.49,1.5
Ball Street NYC ,4.99,Mechelen,3.49,1.5
Ball Street NYC ,4.99,Mechelen,3.49,1.5
Ball Street NYC ,4.99,Mechelen,3.49,1.5
Ball Street NYC ,4.99,Mechelen,3.49,1.5
Belchicken Rooigemlaan,4.99,Gent,5.59,-0.5999999999999996
Aahaar Delux,4.99,Antwerpen,3.49,1.5
Tapas La Qia - Vleeshalle,4.99,Malines,3.49,1.5
Tapas La Qia - Vleeshalle,4.99,Mechelen,3.49,1.5
Tapas La Qia - Vleeshalle,4.99,Mechelen,3.49,1.5
Tapas La Qia - Vleeshalle,4.99,Mechelen,3.49,1.5
Tapas La Qia - Vleeshalle,4.99,Mechelen,3.49,1.5
Foodmaker ,4.99,Gent,4.84,0.15000000000000036
Frituur iny-mini,5.0,Berchem,0.0,5.0
De Mama Food shop,4.99,Antwerpen,5.59,-0.5999999999999996
The Funky Potato,4.99,Antwerpen,5.59,-0.5999999999999996
Oli‚Äôs Friet & Eat,4.99,Oostende,2.49,2.5
New Asia,4.99,Schaerbeek,0.0,4.99
Palazzo,4.99,Deurne,0.0,4.99
Frituur de Smulpaep,4.99,Antwerpen,4.84,0.15000000000000036
SushiOostende,4.99,Oostende,4.49,0.5
Le Mainz,4.99,Uccle,5.59,-0.5999999999999996
Pitta Sena ,4.99,Gent,5.59,-0.5999999999999996
Le Pain Quotidien ,4.99,Antwerpen,4.84,0.15000000000000036
New Delhi Traiteur,4.99,Evere,5.59,-0.5999999999999996
Restaurant Tarboosh,4.99,Mechelen,0.5,4.49
Tabi Loo,4.99,Leuven,2.99,2.0
McDonald's,4.99,Antwerpen,3.49,1.5
BARNEY's BURGERS,4.99,Gent,4.84,0.15000000000000036
BARNEY's BURGERS,4.99,Gent,4.84,0.15000000000000036
BARNEY's BURGERS,4.99,Antwerpen,5.59,-0.5999999999999996
Chitir Chicken Woluwe Shopping ,4.99,Woluw√©-Saint-Lambert,5.59,-0.5999999999999996
Guerrilla Streetfood,4.99,Oostende,3.49,1.5
Pizza Talia Concept,4.99,Gent,0.0,4.99
Chez Eline,4.99,Malines,3.49,1.5
Chez Eline,4.99,Mechelen,3.49,1.5
Chez Eline,4.99,Mechelen,3.49,1.5
Chez Eline,4.99,Mechelen,3.49,1.5
Chez Eline,4.99,Mechelen,3.49,1.5
O'Tacos Docks,4.99,Schaerbeek,0.0,4.99
O'Tacos Docks,4.99,Bruxelles,3.84,1.1500000000000004
O'Tacos Docks,4.99,Bruxelles,3.84,1.1500000000000004
O'Tacos Docks,4.99,Bruxelles,3.84,1.1500000000000004
Mixor Kebab,4.99,Antwerpen,3.49,1.5
Il Cardinale - Vleeshalle,4.99,Malines,3.49,1.5
Il Cardinale - Vleeshalle,4.99,Mechelen,3.49,1.5
Il Cardinale - Vleeshalle,4.99,Mechelen,3.49,1.5
Il Cardinale - Vleeshalle,4.99,Mechelen,3.49,1.5
Il Cardinale - Vleeshalle,4.99,Mechelen,3.49,1.5
Curry Panda,4.99,Deurne,4.84,0.15000000000000036
Jack Premium Burgers,4.99,Oostende,3.49,1.5
Andrea Xiang BV,4.99,Gent,4.84,0.15000000000000036
De Klimop,4.99,Leuven,3.49,1.5
Poule & Poulette,4.99,Leuven,2.99,2.0
Visbar,4.99,Leuven,2.99,2.0
Visbar,4.99,Leuven,2.99,2.0
Buns & Roses ,4.99,Oostende,3.49,1.5
Buns & Roses - Zuid,4.99,Gent,4.84,0.15000000000000036
The Vegan Burger Store,4.99,Oostende,3.49,1.5
The Vegan Burger Store  - Zuid,4.99,Gent,4.84,0.15000000000000036
Sticky Wings,4.99,Oostende,3.49,1.5
Sticky Wings - Zuid,4.99,Gent,4.84,0.15000000000000036
McDonald's ,4.99,Oostende,2.49,2.5
Hoffys Take Away,4.99,Antwerpen,5.59,-0.5999999999999996
Pizza Gulhan,4.99,Gent,4.84,0.15000000000000036
Zilverpot,4.99,Gent,9.58,-4.59
Midpoint ,4.99,Gent,5.59,-0.5999999999999996
Sushi Plaza,4.99,Gent,5.59,-0.5999999999999996
Pizzeria steakhouse,4.99,Antwerpen,0.0,4.99
Frituur De Bunch,4.99,Gent,4.84,0.15000000000000036
la cite du mandarin,4.99,Drogenbos,5.0,-0.009999999999999787
Foubert - Ice cream & pancakes,4.99,Sint-Niklaas,0.0,4.99
't Centerken,4.99,Sint-Niklaas,0.0,4.99
Pizza Hut Aalst,4.99,Alost,1.99,3.0
Romy - Aalst,4.99,Aalst,4.95,0.040000000000000036
Yummy Thai wok,4.99,Antwerpen,5.59,-0.5999999999999996
Athene,4.99,Antwerpen,5.59,-0.5999999999999996
Pizarro Antwerpen,4.99,Antwerpen,5.59,-0.5999999999999996
YouWok Bruxelles Docks,4.99,Schaerbeek,0.0,4.99
YouWok Bruxelles Docks,4.99,Bruxelles,3.84,1.1500000000000004
YouWok Bruxelles Docks,4.99,Bruxelles,3.84,1.1500000000000004
YouWok Bruxelles Docks,4.99,Bruxelles,3.84,1.1500000000000004
Favoriete,4.99,Mechelen,5.0,-0.009999999999999787
Blend Wines ,4.99,Oostende,3.49,1.5
Kebab@home,4.99,Aalst,0.0,4.99
Pizza Hoot,4.99,Schaerbeek,0.0,4.99
Belchicken ,4.99,Antwerpen,4.84,0.15000000000000036
WASBAR De Keyserlei,4.99,Antwerpen,3.49,1.5
Texas burger,4.99,Laeken,3.84,1.1500000000000004
Wims Deli,4.99,Leuven,2.99,2.0
Wims Deli,4.99,Mechelen,3.49,1.5
Africalicious,4.99,Alost,0.0,4.99
Dunkin,4.99,Gent,5.59,-0.5999999999999996
Hell‚Äôs Kitchen Antwerp,4.99,Antwerpen,5.59,-0.5999999999999996
Bobonne,4.99,Antwerpen,5.59,-0.5999999999999996
Monsieur Marcel ,4.99,Antwerpen,5.59,-0.5999999999999996
Little Sinksenfoor,4.99,Antwerpen,5.59,-0.5999999999999996
Oh My Burger! Antwerp,4.99,Antwerpen,5.59,-0.5999999999999996
 L'italiano,4.99,Leuven,2.99,2.0
Royal India,4.99,Sint-Truiden,3.0,1.9900000000000002
Giussepe's,4.99,Gent,5.59,-0.5999999999999996
IL Fuoco,4.99,Brugge,0.0,4.99
Twilight Sushi,4.99,Gent,2.0,2.99
Nam Sam Leuven,4.99,Leuven,2.99,2.0
Asia Bowl,4.99,Leuven,2.99,2.0
Cr√®merie Marie,4.99,Gent,4.84,0.15000000000000036
Holy Guacamoly Antwerpen,4.99,Antwerpen,4.84,0.15000000000000036
Sushi Love,4.99,Gent,4.84,0.15000000000000036
Lunch Garden,4.99,Berchem-Sainte-Agathe,2.0,2.99
Lord of the wedges,4.99,Antwerpen,5.59,-0.5999999999999996
Buurtwinkel,4.99,Gent,4.84,0.15000000000000036
Pink Pizza ,4.99,Genk,5.0,-0.009999999999999787
Tom Yam & Pizzas Stockel,4.99,Woluwe-Saint-Pierre,0.0,4.99
Boulangerie D‚Äôanvers,4.99,Antwerpen,4.84,0.15000000000000036
Wims Deli Gent,4.99,Gent,4.84,0.15000000000000036
Kuala lumpur,4.99,Antwerpen,3.49,1.5
Yaki Noodles Bar,4.99,Gent,3.49,1.5
Frituur Zuid,4.99,Gent,3.49,1.5
Lavinia,4.99,Leuven,2.99,2.0
THE BAGEL ARMY,4.99,Gent,4.84,0.15000000000000036
THE BAGEL ARMY,4.99,Gent,4.84,0.15000000000000036
De Brasserie,4.99,Gent,4.84,0.15000000000000036
De Brasserie,4.99,Gent,4.84,0.15000000000000036
THE BAGEL ARMY,4.99,Antwerpen,5.59,-0.5999999999999996
De Brasserie,4.99,Antwerpen,5.59,-0.5999999999999996
Himalayan Restaurant OST,4.99,Oostende,0.0,4.99
Tota Empanadas 2,4.99,Antwerpen,5.59,-0.5999999999999996
Tota Empanadas 2,4.99,Antwerpen,5.59,-0.5999999999999996
KFC Antwerp,4.99,Antwerpen,5.59,-0.5999999999999996
San Sushi,4.99,Brugge,4.49,0.5
Bouff ,4.99,Roeselare,0.0,4.99
Waffle and juice,4.99,Anvers,5.59,-0.5999999999999996
Wolfgang,4.99,Leuven,2.99,2.0
Hey Joo,4.99,Gent,4.84,0.15000000000000036
Snack du Chef,4.99,Vilvoorde,3.0,1.9900000000000002
Garlic n Greens,4.99,Brugge,4.49,0.5
Moana Pok√©bowls,4.99,Brugge,4.49,0.5
Antwerp Fried Chicken Gent,4.99,Gent,3.5,1.4900000000000002
Brugge Kebab,4.99,Brugge,4.49,0.5
LIFE IS BEAUTIFUL Cocktails,4.99,Gent,4.84,0.15000000000000036
LIFE IS BEAUTIFUL Cocktails,4.99,Gent,4.84,0.15000000000000036
Kwat,0.0,Antwerpen,5.59,-5.59
Jb sushi bar & wok,4.99,Schaarbeek,5.59,-0.5999999999999996
Chamas Tacos Laeken,4.99,Laeken,0.0,4.99
Pretzel King,4.99,Roeselare,9.0,-4.01
Hawaiian Pok√© Bowl - Docks Shopping,4.99,Schaerbeek,0.0,4.99
Hawaiian Pok√© Bowl - Docks Shopping,4.99,Bruxelles,3.84,1.1500000000000004
Hawaiian Pok√© Bowl - Docks Shopping,4.99,Bruxelles,3.84,1.1500000000000004
Hawaiian Pok√© Bowl - Docks Shopping,4.99,Bruxelles,3.84,1.1500000000000004
Mia pizza evere BEVR,4.99,Evere,5.0,-0.009999999999999787
Al Dente bevr,4.99,Evere,5.0,-0.009999999999999787
Sushi Shisaido,4.99,Oostende,2.49,2.5
Sushi Buzz,4.99,Schaarbeek,1.99,3.0
Pita Planet,4.99,Sint-Niklaas,0.0,4.99
Friethuis 1958,4.99,Mechelen,3.99,1.0
Nani,4.99,Antwerpen,5.59,-0.5999999999999996
Place 2 Eat,4.99,Roeselare,0.0,4.99
Pigout,4.99,Antwerpen,5.59,-0.5999999999999996
RebelsLunch,4.99,Antwerpen,5.59,-0.5999999999999996
YUUUM Antwerpen-Zuid,4.99,Antwerpen,4.84,0.15000000000000036
YUUUM Bonaparte,4.99,Antwerpen,3.49,1.5
Poisson du Monde,4.99,Laeken,3.84,1.1500000000000004
Yokoso,4.99,Gent,5.59,-0.5999999999999996
Yammy Thai Wok,4.99,Antwerpen,5.59,-0.5999999999999996
Fast&Chicken VIL,4.99,Vilvoorde,2.0,2.99
Soep Supply,4.99,Antwerpen,5.59,-0.5999999999999996
Croque O'Clock,4.99,Antwerpen,5.59,-0.5999999999999996
82*83,4.99,Mechelen,3.49,1.5
Het Goudhaantje,4.99,Antwerpen,1.5,3.49
Wazawok jette,4.99,Jette,0.0,4.99
Maki Maki ,4.99,Anvers,0.0,4.99
Maki Maki Uccle,4.99,Uccle,3.84,1.1500000000000004
Acropolis Patmos El Gringo,4.99,Saint-Nicolas,0.0,4.99
Restaurant Lebanon BUC,4.99,Uccle,3.84,1.1500000000000004
In 't Vrije,4.99,Brugge,4.49,0.5
Peppermint Park,4.99,Jette,3.84,1.1500000000000004
Pho Delight ,4.99,Leuven,2.99,2.0
Belchicken - Gent Vrijdagmarkt,4.99,Gent,5.59,-0.5999999999999996
Wok masala ,4.99,Schaerbeek,5.0,-0.009999999999999787
Magnum and Ben & Jerry's Store ,4.99,Gent,4.84,0.15000000000000036
Magnum and Ben & Jerry's Store ,4.99,Gent,4.84,0.15000000000000036
Grom Gelato ,4.99,Gent,4.84,0.15000000000000036
Grom Gelato ,4.99,Gent,4.84,0.15000000000000036
Magnum and Ben & Jerry's Store ,4.99,Antwerpen,5.59,-0.5999999999999996
Grom Gelato ,4.99,Antwerpen,5.59,-0.5999999999999996
Mister Spaghetti ,4.99,Oostende,2.49,2.5
Broodlunch,4.99,Antwerpen,3.49,1.5
Daddy's Dim  Sum ,4.99,Antwerpen,3.49,1.5
Phikul ,4.99,Antwerpen,3.49,1.5
H√§agen-Dazs ,4.99,Wijnegem,5.59,-0.5999999999999996
H√§agen-Dazs ,4.99,Wijnegem,2.99,2.0
H√§agen-Dazs ,4.99,Wijnegem,2.99,2.0
H√§agen-Dazs ,4.99,Wijnegem,2.99,2.0
H√§agen-Dazs ,4.99,Wijnegem,2.99,2.0
H√§agen-Dazs ,4.99,Wijnegem,2.99,2.0
Pizzeria Margherita,4.99,Malines,3.49,1.5
Pizzeria Margherita,4.99,Mechelen,3.49,1.5
Pizzeria Margherita,4.99,Mechelen,3.49,1.5
Pizzeria Margherita,4.99,Mechelen,3.49,1.5
Pizzeria Margherita,4.99,Mechelen,3.49,1.5
DAR Za,4.99,Leuven,3.49,1.5
Belchicken - Brugge,4.99,Brugge,0.0,4.99
Kefi Taverna,4.99,Evere,4.0,0.9900000000000002
Saladeria,4.99,Antwerpen,5.59,-0.5999999999999996
Kiplekker,4.99,Antwerpen,5.59,-0.5999999999999996
By Strofilia,4.99,Woluw√©-Saint-Pierre,2.99,2.0
Barouche II,4.99,Gent,4.84,0.15000000000000036
Sushi Corner ,4.99,Turnhout,0.0,4.99
Rebelkitchens,4.99,Antwerpen,5.59,-0.5999999999999996
Happy Fries,4.99,Antwerpen,3.49,1.5
Bavet Oostende,4.99,Oostende,2.49,2.5
Indian Royal Palace,4.99,Strombeek-Bever,7.0,-2.01
Indian Royal Palace,4.99,Grimbergen,7.0,-2.01
Snack Canlar,4.99,Vilvoorde,3.0,1.9900000000000002
Hokkaido sushi LOV,4.99,Leuven,0.0,4.99
Henry's Bagel and Juice,4.99,Antwerpen,3.49,1.5
Henry's Bagel and Juice,4.99,Antwerpen,0.0,4.99
JACK's CHICKEN SHACK,4.99,Gent,4.84,0.15000000000000036
JACK's CHICKEN SHACK,4.99,Gent,4.84,0.15000000000000036
JACK's CHICKEN SHACK,4.99,Antwerpen,5.59,-0.5999999999999996
Poule & Poulette ,4.99,Oostende,2.49,2.5
De Zus Van Marrit ,4.99,Gent,4.84,0.15000000000000036
Deluxe Burger,4.99,Dendermonde,6.45,-1.46
Pizza service (BRG),4.99,Brugge,0.0,4.99
HOPE,4.99,Gent,5.59,-0.5999999999999996
Lujain Resto,4.99,Gent,4.84,0.15000000000000036
Pitta Roos,4.99,Sint-Andries,3.49,1.5
Roti Antwerp,4.99,Antwerpen,5.59,-0.5999999999999996
Viva Lasagna,4.99,Uccle,3.84,1.1500000000000004
Agua na boca Antwerpen ,4.99,Antwerpen,1.0,3.99
Snack D√©lice Halal,4.99,Bruxelles,2.99,2.0
Snack Aalst,4.99,Aalst,0.0,4.99
Pitaya Gent,4.99,Gent,5.59,-0.5999999999999996
Leonidas Schaerbeek,4.99,Bruxelles,5.59,-0.5999999999999996
The Sheikh Shack ÿ≠ŸéŸÑÿßŸéŸÑŸí,4.99,Gent,4.84,0.15000000000000036
The Sheikh Shack ÿ≠ŸéŸÑÿßŸéŸÑŸí,4.99,Gent,4.84,0.15000000000000036
The Sheikh Shack ÿ≠ŸéŸÑÿßŸéŸÑŸí,4.99,Antwerpen,5.59,-0.5999999999999996
Made in Sud (Uccle),5.0,Uccle,0.0,5.0
Restaurant Gabriel,4.99,Woluw√©-Saint-Pierre,3.84,1.1500000000000004
Munis restaurant,4.99,Mechelen,0.0,4.99
Pitaya Melkmarkt,4.99,Antwerpen,5.59,-0.5999999999999996
Burger Paradise,4.99,Antwerpen,0.0,4.99
SMASH.B,4.99,Schaerbeek,2.49,2.5
Bbq hema,4.99,Antwerpen,5.59,-0.5999999999999996
HFC Korenmarkt,4.99,Gent,5.59,-0.5999999999999996
Frietcultuur ,4.99,Gent,4.84,0.15000000000000036
Nara Sushi Dendermonde,4.99,Dendermonde,8.0,-3.01
Fishtail ,4.99,Deurne,4.84,0.15000000000000036
Frituur vogelmarkt,4.99,Antwerpen,5.59,-0.5999999999999996
@ mor lakker is,4.99,Berchem,5.59,-0.5999999999999996
Chez Kloe,4.99,Laeken,2.0,2.99
Flying Focaccia,4.99,Gent,4.84,0.15000000000000036
Flying Focaccia,4.99,Gent,4.84,0.15000000000000036
Dash'd Burgers,4.99,Gent,4.84,0.15000000000000036
Dash'd Burgers,4.99,Gent,4.84,0.15000000000000036
Flying Focaccia,4.99,Antwerpen,5.59,-0.5999999999999996
Dash'd Burgers,4.99,Antwerpen,5.59,-0.5999999999999996
Bunch Antwerpen,4.99,Antwerpen,5.59,-0.5999999999999996
The Dough Bar - Edible Cookie Dough,4.99,Gent,4.84,0.15000000000000036
The Dough Bar - Edible Cookie Dough,4.99,Gent,4.84,0.15000000000000036
Honey bunny ,4.99,Gent,4.84,0.15000000000000036
Honey bunny ,4.99,Gand,4.84,0.15000000000000036
√áigk√∂ftem üå±   Berchem,4.99,Antwerpen,5.59,-0.5999999999999996
Hasseltsekebab,4.99,Hasselt,0.0,4.99
Dailyslice,3.0,Brugge,4.99,-1.9900000000000002
Q'bap Gent,4.99,Gent,5.59,-0.5999999999999996
My pizza KORTRIJK,4.99,Kortrijk,0.0,4.99
Diamond Sushi,4.99,Antwerpen,3.49,1.5
Diamond Sushi,4.99,Antwerpen,0.0,4.99
The Cousin's Jette,4.99,Jette,0.0,4.99
L'AMAZONIE,4.99,Uccle,3.84,1.1500000000000004
In-Dish,4.99,Brugge,1.0,3.99
Friterie dailly,4.99,Schaerbeek,2.99,2.0
Pitaya - Leuven,4.99,Leuven,2.99,2.0
Oumi sushi,4.99,Gent,4.84,0.15000000000000036
The Fresh Princess,4.99,Gent,5.59,-0.5999999999999996
Fun fun Antwerpen,4.99,Antwerpen,3.49,1.5
Kalinka MECHELEN,4.99,Mechelen,3.49,1.5
My Tea Brand (Antwerpen),4.99,Antwerpen,4.84,0.15000000000000036
HoshiHoshi Express,4.99,Vilvorde,0.0,4.99
Tapeo GENT,4.99,Gent,4.84,0.15000000000000036
üá≤üáΩ Pick & Mex üá≤üáΩ,4.99,Antwerpen,5.59,-0.5999999999999996
Portus Ganda,4.99,Gent,5.59,-0.5999999999999996
PAMPAM BREDERODSTRAAT,4.99,Antwerpen,3.49,1.5
PAMPAM DEWAND,4.99,Laeken,5.59,-0.5999999999999996
Mahshi,4.99,Antwerpen,5.59,-0.5999999999999996
Chick 'n Dip ,4.99,Mechelen,3.49,1.5
Flavours of India antwerp,4.99,Antwerpen,5.59,-0.5999999999999996
Bodhi,4.99,Leuven,3.49,1.5
Mio Pasta Antwerpen,4.99,Antwerpen,5.59,-0.5999999999999996
Saffuriya Sweets,4.99,Gent,5.59,-0.5999999999999996
Cigkofte And Rolls,4.99,Antwerpen,4.84,0.15000000000000036
Borgerholtse frit antwerpen,4.99,Borgerhout,5.59,-0.5999999999999996
Chickenworld ,4.99,Gent,4.84,0.15000000000000036
Pizza Santa,4.99,Gent,0.0,4.99
Momento antwerpen,4.99,Antwerpen,5.59,-0.5999999999999996
Tush ,4.99,Gent,4.84,0.15000000000000036
Tastyburger zuid,4.99,Antwerpen,5.59,-0.5999999999999996
ART OF SUSHI ANTWERP,4.99,Antwerpen,2.1,2.89
Subtime antwerpen,4.99,Antwerpen,3.49,1.5
Hong Kong City antwerp,4.99,Antwerpen,5.59,-0.5999999999999996
Morocco Nuts,4.99,Mechelen,3.49,1.5
Maandeeq,4.99,Anvers,3.49,1.5
Can Pizzeria,0.0,Vilvorde,5.0,-5.0
RUBA healthy & fresh food,4.99,Antwerpen,4.84,0.15000000000000036
Yokoso - Mechelen,4.99,Mechelen,0.0,4.99
samo bakkerij,4.99,Antwerpen,5.59,-0.5999999999999996
MY PIZZA (KOR),4.99,Kortrijk,0.0,4.99
Oh‚Äô fresh,4.99,Leuven,2.99,2.0
Bread & Olives,4.99,Strombeek-Bever,2.99,2.0
Philly Sandwich,4.99,Antwerpen,5.59,-0.5999999999999996
Kokorecci Antwerpen,4.99,Antwerpen,3.49,1.5
De Burgermeester,4.99,Hasselt,0.0,4.99
Happy Cooking,4.99,Merksem,0.0,4.99
Banh Mi Kiosk,4.99,Leuven,2.99,2.0
Banh Mi Kiosk,4.99,Leuven,2.99,2.0
Friet cafe Etoile dor,4.99,Heverlee,3.49,1.5
DeliverBOOO - Las Fiestas Gent,4.99,Gent,4.84,0.15000000000000036
Pizzeria L'AMI 2,4.99,Uccle,0.0,4.99
Sushi Omega,4.99,Antwerpen,4.84,0.15000000000000036
R≈çnin Asian Fusion,4.99,Antwerpen,5.59,-0.5999999999999996
Seoul South Station,4.99,Leuven,2.99,2.0
Seoul South Station,4.99,Leuven,2.99,2.0
La salina,4.99,Alost,0.0,4.99
Kest√® Pizzeria Bistro,4.99,Antwerpen,5.59,-0.5999999999999996
Pok√©rita ,4.99,Antwerpen,5.59,-0.5999999999999996
Sushi and Saki,4.99,Hasselt,0.0,4.99
Sushi Ledeberg,4.99,Ledeberg,0.0,4.99
Beiruti Xpress Mechelen,4.99,Mechelen,3.49,1.5
bolle burgers,4.99,Antwerpen,5.59,-0.5999999999999996
Frituur het kroontje,4.99,Deurne,2.99,2.0
Le Corner,4.99,Jette,0.0,4.99
Ariana food,4.99,Gent,5.59,-0.5999999999999996
Snack Hakko,4.99,Molenbeek-Saint-Jean,5.59,-0.5999999999999996
Tikka masala house,4.99,Leuven,0.0,4.99
So Sushi - Kraainem ,4.99,Kraainem,4.0,0.9900000000000002
J&V Food&Drinks,4.99,Aalst,0.0,4.99
Kom√© bowls,4.99,Mechelen,3.49,1.5
Kom√© smoothies,4.99,Mechelen,3.49,1.5
Kom√© buns,4.99,Mechelen,3.49,1.5
Kubaba,4.99,Gent,5.59,-0.5999999999999996
Bubble Bar Wijnegem,4.99,Wijnegem,5.59,-0.5999999999999996
Bubble Bar Wijnegem,4.99,Wijnegem,2.99,2.0
Bubble Bar Wijnegem,4.99,Wijnegem,2.99,2.0
Bubble Bar Wijnegem,4.99,Wijnegem,2.99,2.0
Bubble Bar Wijnegem,4.99,Wijnegem,2.99,2.0
Bubble Bar Wijnegem,4.99,Wijnegem,2.99,2.0
BATTERIES INCLUDED Oostende,4.99,Oostende,2.49,2.5
BATTERIES INCLUDED Gent,4.99,Gent,5.59,-0.5999999999999996
BATTERIES INCLUDED Mechelen,4.99,Mechelen,3.49,1.5
Via Via Antwerpen,4.99,Antwerpen,4.84,0.15000000000000036
Garden of Flavours creperie & brunch,4.99,Antwerpen,1.0,3.99
